[
{
    "model": "plants.myplant",
    "pk": 1,
    "fields": {
        "nickname": "별별이",
        "created_at": "2022-08-17T13:44:11.053",
        "otp_code": null,
        "plant_info": 183,
        "user": 2,
        "photo": "images/myplant/KakaoTalk_20220817_133809832_07.jpg",
        "is_connected": false,
        "tmp": ""
    }
},
{
    "model": "plants.myplant",
    "pk": 2,
    "fields": {
        "nickname": "타타",
        "created_at": "2022-08-17T13:45:30.637",
        "otp_code": null,
        "plant_info": 207,
        "user": 2,
        "photo": "images/myplant/KakaoTalk_20220817_133809832.jpg",
        "is_connected": false,
        "tmp": "칼라데아 오나타"
    }
}
]
